corpus_id,pilot_position,bucket,sent_id
ansible_docs,1,edge_low,9bb0601297f1bc9f0591cb5d7d8ee5725e2b5fa4f948155ef88e70f4db184e2e
ansible_docs,2,edge_low,009080280ed6895f0c7d661ebc08f48bb00f665942d6a01ea0c4629fc8aebca2
ansible_docs,3,edge_low,8d4a44823a3d09da149b6e82773b8ffa2b6ae961dd2fad89ebd2aabc672d8251
ansible_docs,4,edge_low,0ad02c562e2079718c1f7ed77f93a710a494f75234efbbf11bd8563444d05df2
ansible_docs,5,edge_low,be73da12863d91fd5c265c0d654d4b0603e1d3637eb96ae934209367bbea44d2
ansible_docs,6,edge_low,e0e698a9ad2fd2c9789ecb2ce3fc064b007d10566ab41a9d4a4f84d0db3b7a7b
ansible_docs,7,edge_low,6ea013f95ef7f55221dc0e70903620974605aa585fc3ca3661c0a83e82d18e99
ansible_docs,8,edge_low,fc61fac3b33f2297f4912db48f052a462626f0b6b3cbee40b920c00c3ebccd85
ansible_docs,9,edge_low,aa3801288ac53c9e0b47f36d2d09fe09ddf17bdd2ce803a716233951d63eb61a
ansible_docs,10,edge_low,626cd26a3b956fd8819925dc842601813051c95587906c3bbf04ce97f51a2c74
ansible_docs,11,edge_high,6563f48b266fb4852d5b016fd05598bde065eb9a8a55bc2aee26ee6c6f235675
ansible_docs,12,edge_high,aec472992adf32a034bf65d4ebe803b40ed1e3687cdbf4e805ea8aec05b3bc9e
ansible_docs,13,edge_high,609e3bf5951b9f55a3027ba81342116bf469922cb6e2d91a24b0e74c53d65560
ansible_docs,14,edge_high,fb1b2bd9388e77106d45f5f5d777e0445a87e00aca528d778ce386752e40d793
ansible_docs,15,edge_high,5c14f8f9b42071d94f4f5aa9a3859258567e92ef9676c1f7d4c429f0379e1f7c
ansible_docs,16,edge_high,090dcc3797cbb2f6217c2666b21e12632bdb468200a2a18c187c26797bf978ae
ansible_docs,17,edge_high,ce640e94fea09a4ff1369356010791e212b199585b0b0c493abcdded7b87db86
ansible_docs,18,edge_high,1062d897d204a4898ef7143c4e2dfd2b57148c3a9760e48515a6be68c4f5cd95
ansible_docs,19,edge_high,24be5619cd9ee24b8388999d1b6d7f4d861ed757ef8921412507d086f156a344
ansible_docs,20,edge_high,8cb678f21be9cbb66324af2f006347ed7e90802849ded59e36a694b3c27eaa6d
ansible_docs,21,average,0a148916360861c1077967068c38e4c2d56196635985c64c707ce54a250c9b3d
ansible_docs,22,average,8c3a6224e78ea210ce44b3329ae5d6aba5493f9412a47debca75cd0e7cd41a6a
ansible_docs,23,average,53dd78766c6ecbc66f31baac3965dfbf2b059238499c7f5032bd13849980058c
ansible_docs,24,average,b2dca95209ddbcad6629f6aaa041537ba16a1f6741401bafbecab3fa2cf3d919
ansible_docs,25,average,e15b029451862ee809ed90feb184277b6e70a59f3900069f17c3c28355769997
ansible_docs,26,average,f0efff226b02ca9e056e1f1fcebfa41210acbac2dcd469df52c26d6044465f04
ansible_docs,27,average,b33f229679442dd7010feb1a80db562184a641b9d83c43c2110d63de9a21e853
ansible_docs,28,average,e9ed5cb730bb0433cde8fb677c579332f44a41ccc66edd97aeba81f8ee14c134
ansible_docs,29,average,405709b9614333920f84b85476e9741cd005974cfac1a361079ec118b36c2e63
ansible_docs,30,average,6c9a899d882b541f10672aecf8138df0a3268a5133e2c3ff7536358e966caa00
ansible_docs,31,average,0b88466f1ecc16429ac75f3e405e0dc1544c08e7590351e6fe6a41a9c172e751
ansible_docs,32,average,996769def97cf830fb8237e9170614267b207f7edb7ba9c48d158529da083eb2
ansible_docs,33,average,e37a49f4485835afef1b306c0925b95eee4f010d563ae98c0efc83c046477367
ansible_docs,34,average,5a13763f175fc854ddd7f0a063d5deed960ef3b18db40f2537a3691d337c0a9e
ansible_docs,35,average,c022d3e8ad17fa06305bbcadaa9e86bc699fca8e4c332e7d45c79d634ba1193e
ansible_docs,36,average,b95d641740941c017b3163d6fdc647e9858387352800c909ca05624d6f70b313
ansible_docs,37,average,8b153abb12f9ec50ac5357c64dccabb697059f24127a18a685f57004b753c8be
ansible_docs,38,average,88f57c4cf1da230f77173424ff0984be6d1616194af244caff984bcee522bf18
ansible_docs,39,average,c69f321d262b8b3358faf239413250694cb9f82ac0f2454fa01ebc9ff51b0845
ansible_docs,40,average,a697ddf49ece06d0bc020effde6377353506697beb01954d04a3a9ef9a6eb6fc
github_docs,1,edge_low,a372070011713faefc07bfa00996a0a1aeb2a05a1602a0d2db1184ed9b9f454c
github_docs,2,edge_low,ea70ef5c41ffc618f796fa1fa7efb0902435c85cce623735bd883810d51e073c
github_docs,3,edge_low,aca955f680ed01d01a44cc2e5007bceaa56c7689ae3c1c8ad308782efeeadc87
github_docs,4,edge_low,269bc5a09bc55777add3d596da0534ad1b7e48800df72b60fc6ed060168cce17
github_docs,5,edge_low,79510bc133458d6b66c1f5fc6f2ec24f542730046ca5f59bd1b0790ad6db1779
github_docs,6,edge_low,b0f7ea1451f84231298046ead7109bca11bd1a7e6856e1a5f62057af06b5b3cd
github_docs,7,edge_low,3296a4e6bbd08246e4a46aaecd1a688a8ddb6fc345a5eeebef851747ca5f880f
github_docs,8,edge_low,84a93fdc1fddb93868bbde304ffc45e6526dfb13cc25e133fcdfa123cdb6ec42
github_docs,9,edge_low,afac44a5c5fa9af7ef50fd0c5b9505abcce4ad3a69c7df6d19227d031610af5b
github_docs,10,edge_low,d813f0cf002c33b36c099ff901171d38e35fc7ec4ff43547b6858735cd4ae9ee
github_docs,11,edge_high,0ac1b667f5ad11515b0bed257544e8221cf7b08eb75b79674b7ee78bc1075003
github_docs,12,edge_high,e4d1d6f192e8e4d6965bfbdc982fc2155a2fe47170de73f708c913f2429be7c7
github_docs,13,edge_high,4aaecfb2a9bf4a256b781670b21d54e7a7018e8725eef88c4ad1bbb163361897
github_docs,14,edge_high,41c6cf23ca648d401c8447e4b91a431c6422ca2c206596851fecd90be5764db3
github_docs,15,edge_high,1ef4e8a76d01f4296a77aa722fbda71701ee0703c2f8ebe74e86be3381b8792b
github_docs,16,edge_high,96fb4cda53d7e32a0c0ceba08175ecd4fc9c1fe97762ae2a1d62a18355d460d6
github_docs,17,edge_high,9e1f9efd13b3bb9afd6096e565b83dda975cc8beb0ec92c881fb0751dd7df4b8
github_docs,18,edge_high,51dfe6356e042afcccc6e8f026cda03ac7ddf0549775f774c421d65df5dcb790
github_docs,19,edge_high,d7d9cd1b50474390a71bfb5e166ecc0c25ebdc3c6797cfdff1b5d88a11fe89ad
github_docs,20,edge_high,51b13f3bf2f593c8a2e2bb6269adbd6348aaa119295012daf0269d906df23145
github_docs,21,average,f13eaffa2543f5fad32b0774f307d9395647fd4b56a11180caa438e1ed8702e1
github_docs,22,average,43096ac75e3d2bc5358f3d05ccc044c1daee519d26eda08967deb5d9a271d128
github_docs,23,average,d79be8ce841e76ade25cfe365280095f741ccfd5e9d05217768a44f3751fa849
github_docs,24,average,8aa7cecbbcf11171240846da76e03c64d569b300ef2c871b7a67adc881389af7
github_docs,25,average,90c3a790609ff10d39843941aaa35fd3bfd29d4b989fe61c3f7e5071ce713eb7
github_docs,26,average,46a1d7a607be8b1c7fff7187097f4cbdd852c0d06a8ec63f3c2b345744f3c61d
github_docs,27,average,576621f35643f768aeac732959cd4152a5327a9391eeda72882329095281b2dd
github_docs,28,average,813734bb8348339d28e09a47cda1d9042ed11e5a225d19fbbe78e9c5b0ab26f4
github_docs,29,average,8700de17f360a1353d68bf72774c873307cba7d4d26898cc8cd2a764af562d43
github_docs,30,average,df12b4e35ad61ff659f7b51388a3223d75cdc612ab93f06f4af143f28759e9c9
github_docs,31,average,7b6ebd84c93cb053265fb541dba15e4ba25527da480479fff92326a258f65cf6
github_docs,32,average,9008eb10333110b73ddf81764e97781dbf15686334c1df5bc153329e965cf93d
github_docs,33,average,ec082b8cfafaf3579c839fae34c74e5c7d05b7c2caabc507663b815effc54d3f
github_docs,34,average,3317c9df6e8894219021eaf24d7c421e0681292f4215fe77ce5f56dc9cd2226d
github_docs,35,average,ef1f16dd64d95abeaa56d29ffdf56893cd9347c6c244967f07a53d7119a3c3b2
github_docs,36,average,90a161bde021132729ab469f299dce2b30206b9745d0f4598ec65e29a5e41186
github_docs,37,average,4656698f8e1ed89ce478a2a1f063296aace8121a967c4f901eeb2aa7d3cbf2aa
github_docs,38,average,6586c07b843a22a10c99a9c23cf3b0ce3f0c3f92c180dca6a5c635e17ecd5a36
github_docs,39,average,85c232f6208e72dd150f57546fb45c59d66d78b93d2499359e5cfaac3c105ff2
github_docs,40,average,bfbc1d8f32f0621180dd7acfb913b0b6263e7624561c11e2ef675b76064c5e08
