corpus_id,artifact_kind,relative_path,size_bytes,sha256
wikipedia_en,sentences,outputs/sentences/wikipedia_en.csv,228406159,4082fa9086035b2b9b6f559ae886f08cb0a6f34735fd06614d452539f53fb90f
wikipedia_en,scores,outputs/speciteller/wikipedia_en_scores.tsv,67530450,d0f666b2294cbb40542a276f3c9c5e924a6e8803fea122b1ca0f636c25995aa4
wikipedia_en,features,outputs/features/wikipedia_en_features.csv,106223376,d97706b4786d5f23bc11bcbf8d1266130e55545e6031999b1a7a49cadcf32406
github_docs,sentences,outputs/sentences/github_docs.csv,48846643,c492128bb408fde37419b7dedd141db8aae90a360d16d11b3c8f853691947177
github_docs,scores,outputs/speciteller/github_docs_scores.tsv,12809850,d0d616fdad6898d4c2af6def7a17fc899e8859485bf1e97033bd0d2b1ab8a083
github_docs,features,outputs/features/github_docs_features.csv,19975369,2df74b69c80fe373b6c436739dc668b85c81bd0520f8dc80823ad782fb2a5725
ansible_docs,sentences,outputs/sentences/ansible_docs.csv,10292947,41512e89148ea510d589a8f7ba88d1519a51d42ae51a3fa5924ab711cae8eab9
ansible_docs,scores,outputs/speciteller/ansible_docs_scores.tsv,3333900,0c03b748d7052c57821930f13dfc457855f350e0ff1db9d31a3a0f29f91cec47
ansible_docs,features,outputs/features/ansible_docs_features.csv,5232832,0f9b7fe5b6912905e29b2687a52b265dc884f75c60963dc7f423a1a70b905606
python_312_html,sentences,outputs/sentences/python_312_html.csv,40059449,7aa8d3a827af5052d52c784c1a92d4edb129130bd1b64228e673b771ccc7873c
python_312_html,scores,outputs/speciteller/python_312_html_scores.tsv,13466175,95397ca96ea04c642d8e06b98800c935177620d3d782a3869e43cca5dd6fae21
python_312_html,features,outputs/features/python_312_html_features.csv,21639475,2da2801137edd5afca2f1bcaf56e005a26a3801825e0764bdd4f85b0daa99279
