case_id,corpus_id,edit_type,source_position,ranking_key,split
66349b1a1ee395f4ee7875798bc6b90014a681cd7e5e60084a59318ec9dbb9b1,ansible_docs,de_specify,1,457a86bfcae47bbd238115cba9fda59d1a3a0f5eafd4358fedbff1924b4584d0,development
c6f2dd083e5c4b5d7e7f13ce3c3c7e65ee22fb671b9b1686811b45a731ba10d7,ansible_docs,add_specific,2,d6b79d02c0aa68e47d15b23872afce191d26a5a671a98b9d2ae8c81f967309a5,held_out
7b2f636936f5b4ea2614a2f0a08ab78e5602c7e9e043151ecd9ce3c2c494c23c,ansible_docs,irrelevant_rewrite,3,75cb66e867a0d3e3759ef92090211e195adf8a5bc4e5c78986f081487fbafe42,held_out
90ab455667440e4cfaead49e0dfce386b8d69a6fd295022d82f598eaddb6ed9a,ansible_docs,de_specify,4,e728f1781460be9d6724bb78fc1fe974da6d50dbd8bd35050cf8885f5b20c64d,held_out
3716cf7c4fd941bf5ad0daceb8fa68e4e8426211fef10cce107c22d61322f108,ansible_docs,add_specific,5,f90d1dc6bbeb15c2a8bf73321dfb53ec79230782bb6b6167f1c3384846013a91,held_out
14010d785d37307a924c95af2bcd01890e65246e193a0488759a4e4ebadd143c,ansible_docs,irrelevant_rewrite,6,679ab0f3f1f2a22dab936b67bb2eb52f8213965cdc31e25e02cd2391022ecdcc,held_out
e89c94ce09cb1882abd1c43f774037f058afbf4d978609938b084ba5fef79d15,ansible_docs,de_specify,7,d1ca6985d87f6952c339de5b61bfb2dc471436668d558fc36716cac7d3bb6856,held_out
e09c6ad94f09f97c5022880e770d9b7b827bda1c58a48b9a33dbee2cbd90010d,ansible_docs,de_specify,8,e30fd38f4fc48f3f2c66e690088cd4f801b224368872df1f300417fa8be28b90,held_out
a5c9662d6777b67c4fb4f443e50fb67a9373227ddb0f6508a1b96c0e4c02c912,ansible_docs,irrelevant_rewrite,9,3852df33e758acd621b06cd5a647a617a47c6c41ab1621996af60b0a4dc292a3,development
45404e676378873bd1819cbd2ac603596aa1ed2e34edd3588973130b6a7d047e,ansible_docs,de_specify,10,3692baba9878e26d075eea68f7ba294b3e67fcf99f27bd6169cc6aaaaab39e8b,development
ac12d63d526ef364bf4615233ffb2ea1e3a89863733e0541098b180df4d911a0,ansible_docs,add_specific,11,b6b1653f9d4741e54756eaaec2ee46a58b4afec59a7caba952747e13a6d3b3c2,development
7dfa6d41d1ea2565fd9c3b1d02dd5af7464d58315829e068a46241d0aa4699cd,ansible_docs,irrelevant_rewrite,12,497c9029a02d7ff6a4dcbffa749ed62966bf0f4777c854e86d30eb7a6a013fdb,development
47e4a05039944d7fd0f41ae5f9f6ff6553d0d5df90fe439014de9fc6301d9f6a,ansible_docs,de_specify,13,95c29164027984872af779001f14315b7b3dfdb78caf35e3f83abecf1f964c2c,held_out
b2cfe960c9555f25eeb956c6dddfa641a56b8f5af164e1d30ef4c58d790952e9,ansible_docs,irrelevant_rewrite,14,49c63942194b5182e8bc4affce519f0f78dbd7197076e7d02a00ee315aad796c,development
081870767091a50a1927ecd5ed4f930545f2d48563d5886199a0ab5e3dfa0755,ansible_docs,add_specific,15,8f76dcacf745708f50a5c0fd327369c82c46cea7f5eac895490bff7a029a9db8,development
2689fdf5f36f0fba263b9f170ecaaaa49cd66ae8b602df1e90d7255097b43612,ansible_docs,de_specify,16,5038221288109980dd3070439945b5c0a03cc119da7766634114cf9a501ccc8e,development
89a0e606d42a1d7dd5b825e27b07c780e87f11bc2db08dff7e2c8ee054c1dd2a,ansible_docs,irrelevant_rewrite,17,bc0822b92daf7edf8d8af8213594dbc71cd1c13f1bd23216076c0cf4a95a821a,held_out
71dc370208601ef1aa42eb04021cd226318355114a7fba86ccc557bccf952a6d,ansible_docs,add_specific,18,7ac528a7a1cc9eb6a2e33fc9d290debfe037c374403a55ca9818362425f5d46a,development
eaf0cb7cacbb612d89c1dd4bc6f25b50a29159ca888d00b77685247eeb618898,ansible_docs,de_specify,19,2a528e661286d1e6df0ddf611bf4e1503ddbc52a1c079e054ad3803ba41d0020,development
876969b924af1ce0619f6ef8388d97bbab4c8d16f1b082a37c8ade8010c332c8,ansible_docs,add_specific,20,4a2653c7200b5400408506d8a33f2721b9f9d5352c2be68d053cc7dec1ddf13b,development
dd8413ebec0e1f27652f4dd2340abedcac095ad18b72c41d844a65f20728223a,ansible_docs,irrelevant_rewrite,21,c2b1f255feddd15716c3d78bc566d31d7b44424e1f739a11bf5ec46ea0fbdf25,held_out
7f21640c26fd15fdb635778de3786800f14b23cac528e10df8d3691859cd8a78,ansible_docs,de_specify,22,9fb8e65261af2be8c911cad18d8e27328832842bee28d8653b300af3dab4a14a,held_out
4bbada5c7dc526b71eca61579f48859a96409eaf03a7aa5b2fce348649cfaf36,ansible_docs,add_specific,23,f2eaa3e1ebf4dc393d17381548a5c02ee83ffaaabf6f4bd952f2464b7269a9da,held_out
c60eab22c0c62a90041315d984753817c154fe4b57afc6af9ab0822cc80585df,ansible_docs,irrelevant_rewrite,24,1225300fa0af7c731b7d6f854665ae365031af0a253f63a4c81c30fa776ce9e5,development
62eb040d4f277f8658dde68344d3ce67b35aae43ee443bf3f4c5d48c6ae268ad,ansible_docs,de_specify,25,3d63659845bd0e56e05c9f5754f64418018d2daf4240a8d97bc5f83acddfe008,development
af4663c9726bdb845056b73dbc29e806979f2f8739402c72134277380fc2b2ef,ansible_docs,de_specify,26,9536896a06e416c3c8945f879c57ab0237656e349481fb8feca64186f1f5e7c7,held_out
7216ea7d704323abb9300b963e13dff0c07c330629e5e7c5b62126823b2a372f,ansible_docs,irrelevant_rewrite,27,6df9482167bde9e0b6a3b35ccc835453eda4d166a70e9dabb03600196db6fb20,held_out
43d5a586ff47d90208eb951cfa24fc21829b017dc73bdf009a0d933f36570db6,ansible_docs,de_specify,28,6b74478e697d625c988da0caefa695d07a207d981eeb99bca3dc54f11c7ec7bc,development
5111b88b87dae1b162e642558ce61ea79a71886fb36adc61f296d5291c0d14f7,ansible_docs,add_specific,29,f75cf441961ae9cb5e5a49efaaab0c844a579656dd7e51fde3928a730d9a42eb,held_out
88d9e9d82f43fad447982edeb49624a471a79afac418c0aaf697a12724cd3b30,ansible_docs,irrelevant_rewrite,30,431bdcb2b21aeb614bed30485d456ccd0f3a953fb56500bfbb49c81d23393ca4,development
20b203ae46d9f9480a6a79252b81f8896b3a963442987d480b1aa18bdffe65de,github_docs,add_specific,1,6eda0058f39b43469aadadfd9550abdb9fa3c125006abbdb705915693046c81c,held_out
eac9ca318f0b743b6f1d9d2de3d206a71f2a625b8bcdb6a2a83dfbff76b8cc3f,github_docs,de_specify,2,b57bec46c04b4d9fb8a35051d43f8d708cbd5b05ce1d03851d640750911823e9,held_out
35262a16cad1dd6d7f0448786d121ce74c3a8f6a8cd592f6201fb0e9e4399703,github_docs,irrelevant_rewrite,3,74da4ab3761e0ba105f16de2347313bd2b8ad62cf1b8831cf5f7b24977f7fe2b,development
655ac6b5bc718253184eb8dedc0386a08b7714a2208b0a271fbb845b0e16e0eb,github_docs,de_specify,4,d449c570f7dd396a1044adefe1460e78fafa3f392be4fc3e174f6fcb1fd5e827,held_out
9278a4b8ba2cc5ae84cf44efb2a79c92852fe5fa8a62167e4881b68e79aa1992,github_docs,add_specific,5,1bedde4ce76413bb1d35d38054b7d6d7f5fb64210c10bfe6ac0397701db4272c,development
fb597ae530ff99e35cbb2556e04b00475839fc6298e59966b607c3bfb9025fcc,github_docs,irrelevant_rewrite,6,5d01b86454675479c81793a9b8be8817eae90540394a2aeaea746d243c39dd37,development
d98fad40d863c98bf5daa678b49e360c4d7e8b154e0a5dee4adc2d731281c872,github_docs,de_specify,7,4ee143d8d4b6839994174c77acfb5819f5dca816754efc6f34ba34a6dcb85a54,development
7ba23ee6c246fa6791e673aa30929122ee537e5e595602ee6d84869caa00f498,github_docs,add_specific,8,b97eb13ce8e51f7d90bf821e040ec5fb4a05f551117dc03b168b0da1bd86e828,held_out
881c9df91fad63ed7a56e417e72e4b3ca07653186dd8cb8c4aca492d4ec288ee,github_docs,irrelevant_rewrite,9,ed19bf66cd3f02099d044a9a8526661d9da56fe9aef9ecfb7ef181adb624ea0f,held_out
7c65a067a9daae39ac48d61ff6d8834a79424dcec8994c4e70efd968fbcfc15b,github_docs,de_specify,10,f3a566e5ea7124b0dd0ad877b498490e74e21c2a628a4321745c42d83757ec3f,held_out
7312a377c34e8cd6ed98a7c210f4a9a6f2f83ec20a347677972bd55d6c08af67,github_docs,add_specific,11,45fbf01723ad29104a1cf813abb7ff81990756ffb57703319ca4bfcc6da609c7,development
4d1cc6baa372fcc9e71b32e961dcd9cb174844f744ffb8298d21861a4f218dc4,github_docs,irrelevant_rewrite,12,87816973e4e1cb351206bcc06d30087cc0d5fda4b6d1cc736d0d14d13d5d7ded,held_out
bbebece79be78ddab1f7417dcfb80ee27219e9f662ab9e841609974f5169ba21,github_docs,de_specify,13,16f65f7d1afda3b8f7066e844bb9934e3d694f15075707e6af7addef6c2e3364,development
9be324fdd25cf86b97911b5ed3329cd55dcc55f8295b4aa90a09e6cfe54e256d,github_docs,add_specific,14,14645d05e60e1512ea32a726ca47f20ba05488dc2e104f2c4dd17188ea6bc605,development
5a510bd805dddd7d1787c0d61bff4df3e4d08a5fd4c49a81248351dd6aaa82b2,github_docs,irrelevant_rewrite,15,131a176016b0a5022893c20b150b5568ce7043ae4c7827ea1289572587247794,development
29e9623018356fadc9ab47bcb2b797db479b9e72299afeb92f3b607e1770effa,github_docs,de_specify,16,211b9f06f2d236c7dcb186b4acd84c9a0ad1732f718fa98ae1e62c6f1df74bca,development
31df64918522173ce77ef4ccbf7ce7e47fb52fd117dc98966a8b4437d6689690,github_docs,add_specific,17,5f03b0ce75616b50ebc739388380b828c42530038388f72a00f588bcacddfaef,development
92f9efda19ccd90b1427e2b767c09fa3db5ed5670cd65487f2da9da1c015489b,github_docs,irrelevant_rewrite,18,f286d5b7004f323a7d934d88ea2baa4c0b42c9cc918a1474b45205e7e886dc15,held_out
81312234d7cb4988ae12cfe23d1f8cf00f69c4e1d8b230a39197ddbbbc8e9cc1,github_docs,de_specify,19,ac763011d3c27313c1f93ebba985cb8af3ef0df76ddc319fb33f923289f85850,held_out
8b275c63461d6692de3458f42715bd8861583522d4972628a98f5f3db6105ec7,github_docs,add_specific,20,d70eb05abbdd5428e8e997f89bab236b1c2f1f5f85e61d3ded6510bd1539c695,held_out
fe55adc15daab4aac67f0f120ead219377b1bbd780f3db7acf86790d3fd3f881,github_docs,irrelevant_rewrite,21,24677a5b2dbf68473736a7f289b6ede4f3a12dd5b55db8b9b11597db9e4f6bde,development
e9a5e776284e2f290b6065ee5e40c0a7b6d98331dc1c15389ae8fc1e4372ecac,github_docs,de_specify,22,cd6ed299378c1188fcb116d0f7a5fe71a17eb45b608b9049f512e839ef284343,held_out
2f97f7f2f0fbaf9366e99583bcedf78af0514ec96f8e3ac70d718953ab90388b,github_docs,add_specific,23,6c571b4017fdf027ecfc7d78ea9ea80eb294d1a54f644b95292893e653a5a919,development
c681ed9b67f890063c3b021fa2243f89415cc1ac060cdf10723cb37ce9bf5a04,github_docs,irrelevant_rewrite,24,f694a034d14eaa6e86f9b01a60df287eaa26f27594719cee9c77249ac414d3f2,held_out
15ce4c4d73c486f3a8967d2721979a6724c4a66cb531efde7e2a0305214c795a,github_docs,de_specify,25,0bbeaaedffdb303c6e040d3e343fed68f7a8fb97f249846bc017769db3786046,development
5439580878b990e36e9497a63610486a00dc006e70b7e6adbb675236f3e1f629,github_docs,add_specific,26,ba7d7df53f199969a25e2930a80af9a1da4696b9fc5fc0ce1b26befa3dfe34b3,held_out
21b7c02b0674d01bbb2212e9f6e9b7124665f4ffa2cfd4bc081e1638f003f34e,github_docs,irrelevant_rewrite,27,466bef76dd32b82b8879a3ec2e5b2267704965ae1ef4265e4143ca2293e26876,development
50d1e5453af35a95bfce6a3e985c6be220fab529c5e365e2f2b377e868a0a9c8,github_docs,de_specify,28,1144a906b24bff2f498e15d640da4b58183a3ea29c755e8f0fde0fe3e8d56304,development
824fb07ac49e1846b7619fa21dc67b0325aa2754b401d89adfc1cb94602da6f0,github_docs,add_specific,29,89bf499655333d35fc5372c458219cda2ce0803b466962085bd98493ff70ee9e,held_out
5dcaa8b68642844fedcf731ce217fbd28461c7644dbbc2c744efda80e477e1a0,github_docs,irrelevant_rewrite,30,e44c6bba70aa897e31e957a717ce2b55597a8916ff106ed6e7200525e7d2af4a,held_out
